.Hack - Legend of the Twilight,Anime
.Hack/Roots,Anime
.Hack/Sign ,Anime
20th Century Boys,Manga
21st Century Boys,Manga
5cm/Second,Anime
A.I. Love You,Manga
Afro Samurai,Anime
Akira,Anime
Akira,Manga
Angel Sanctuary,Manga
Angelic Layer,Anime
Animatrix,Anime
Appleseed,Anime
Aqua,Manga
Aria,Manga
Azumanga Daioh,Anime
Azumanga Daioh,Manga
Bakemonogatari,Anime
Bakuman,Manga
Bamboo Blade,Anime
Battle Angel Alita,Manga
Battle Royale,Manga
Beck: Mongolian Chop Squad,Anime
Between the Sheets,Manga
Biomega,Manga
Black Magic,Manga
Blade of the Immortal,Manga
Blame!,Manga
Bleach,Manga
Blood: The Last Vampire,Anime
Blue Gender,Anime
Bokurano,Manga
Bonnie and Clyde: Gunsmith Cats,Manga
Boogiepop Phantom,Anime
Bottle Fairy,Anime
Bubblegum Crisis,Anime
Buso Renkin,Anime
Castle of Cagliostro,Anime
Chobits,Manga
Chrono Crusade,Anime
Clannad,Anime
Clannad Afterstory,Anime
Claymore,Anime
Claymore,Manga
Clover,Manga
Code Geass ,Anime
Code Geass (Series One),Anime
Code Geass part 2,Manga
Corrector Yui,Manga
Cowboy Bebop,Anime
Cowboy Bebop,Manga
Cowboy Bebop (movie),Anime
Crest of the Stars,Anime
Cromartie High School,Anime
Crying Freeman,Manga
Dai-Guard,Anime
Darker than Black,Anime
Death Note,Anime
Death Note,Manga
Demon Orron,Manga
Disgaea,Anime
Divergence Eve,Anime
Doll,Manga
Dorohedoro,Manga
Dragon Half,Anime
Dragonball Z,Manga
Durarara,Anime
Eden of the East,Anime
Eden of the East (Movie),Anime
Elfen Lied,Anime
Ergo Proxy,Anime
ES Otherwise,Anime
Escaflowne,Manga
Esraflowne,Anime
Eureka Seven,Anime
Fantastic Children,Anime
Fate/Stay Night,Anime
Fate/Stay Zero,Anime
Final Fantasy Unlimited,Anime
FLCL,Anime
Food Wars,Manga
Freedom,Anime
Fruits Basket,Anime
Fruits Basket,Manga
Full Metal Alchemist,Manga
Full Metal Alchemist: Brotherhood,Anime
Full Metal Panic!,Anime
Full Metal Panic!,Manga
Full Metal Panic! FUMOFFU,Anime
Futaba-kun Change,Manga
Gankutsuou,Anime
Garden of Words,Anime
Gasaraki,Anime
Genshinken,Anime
Geobreeders,Manga
Get-Backers Season One,Anime
Get-Backers Season Two,Anime
Ghost in the Shell: Innocence,Anime
Ghost in the Shell: Innocence (Music video anthology),Other
Ghost in the Shell: Standalone Complex,Anime
Golden Boy,Anime
Gravitation,Anime
Great Teacher Onizuka,Manga
Gunbuster 2,Anime
Gundam 00,Anime
Gundam 0083,Anime
Gundam Destiny,Anime
Gundam F91,Anime
Gundam Movie,Anime
Gundam Seed,Anime
Gundam Wing,Anime
Gundam: Char's Counterattack,Anime
Gunslinger Girl Omnibus,Manga
Gurren Lagann,Anime
Haibane Renmei,Anime
Harlock Saga,Anime
Heldensagen vom Kosmosinsel,Light Novel
Hell Girl,Anime
Hellsing,Manga
Hellsing (TV Series),Anime
Hetalia,Anime
Higurashi no Naku Koro Ni,Anime
Hyper Dolls,Manga
Immortal Grand Prix,Anime
Infinite Ryvius,Anime
Innocent Venus,Anime
Jin-Roh,Anime
Jojo's Bizarre Adventure,Manga
Jojo's Bizarre Adventure Part 1,Manga
Jojo's Bizarre Adventure Part 2,Manga
Jojo's Bizarre Adventure Part 3,Manga
Kaleido Star,Anime
Kami-chu!,Anime
Kanon,Anime
Kara no Kyoukai - Epilogue,Anime
Kara no Kyoukai - Murder Speculation 1,Anime
Kara no Kyoukai - Murder Speculation 2,Anime
Kara no Kyoukai - Oblivion Recording,Anime
Kara no Kyoukai - Overlooking View,Anime
Kara no Kyoukai - Paradox Spiral,Anime
Kara no Kyoukai - Remaining Sense of Pain,Anime
Kara no Kyoukai - The Hollow,Anime
Karas: The Prophecy (movie),Anime
Kare Kano,Manga
Kino's Journey,Anime
Kizumonogatari,Light Novel
Kodacha,Manga
K-On!,Anime
Last Exile,Anime
Life,Manga
Liling Po,Manga
Lone Wolf and Cub,Manga
Love Hina,Anime
Love Hina,Manga
Loveless,Manga
Lucifer and the Biscuit Hammer,Manga
Lupin 3rd Movie,Anime
Macross+,Anime
Macross+ Movie,Anime
Madlax,Anime
Magi,Anime
Magical Miracle,Manga
Mahoromantic,Anime
Maison Ikkon,Manga
Mao-chan,Anime
Maria Watches Over Us,Anime
Maria-holic,Anime
Marionette Generation,Manga
Mawaru Penguindrum,Anime
Mezzo,Anime
Michiko and Hatchin: Soundtrack volume one [Disc missing],Other
Millenium Actress,Anime
Miracle Girls,Manga
Mirror Image,Anime
Moon Phase,Anime
Mushi-Shi,Anime
My Bride is a Mermaid,Anime
My Hime,Anime
Nadesico,Anime
Nadesico,Manga
Najica Blitz,Anime
Naruto,Manga
Naussica of the Valley of Wind,Manga
Negima,Manga
Neon Genesis Evangelion,Anime
Neon Genesis Evangelion: Death and Rebirth,Anime
Neon Genesis Evangelion: The End of Evangelion,Anime
Neon Genesis Evangelion: You Are (Not) Alone,Anime
New Fist of the North Star,Anime
New Gall Force,Anime
Nichijou,Manga
Ninja Scroll,Anime
No Need For Tench,Manga
Noein,Anime
Noir,Anime
Noise,Manga
Not Simple,Manga
Nurse Hitomi's Monster Infirmary,Manga
Oh My Goddess!,Manga
Ooku,Manga
Orange,Manga
Ore Monogatari!,Manga
Origin: Spirits of the Past,Anime
Ouran High School Host Club,Anime
Ouran High School Host Club,Manga
Panda-Z the Robomation,Anime
Paradise Kiss,Manga
Paranoia Agent,Anime
Patlabor,Manga
Patlabor The Original Series,Anime
Patlabor The TV Series,Anime
Patlabor: The Movie (Director's Edition),Anime
Peacemaker,Anime
Perfect Blue,Anime
Petite Cosette,Anime
Planetes,Anime
Planetes,Manga
Pretear,Anime
Princess Tutu,Anime
Professor Layton and the Eternal Diva,Anime
Psycho Pass (Series One),Anime
Puella Magi Madoka Magica,Anime Blu-ray
RahXephon,Anime
Ranma 1/2,Anime
Rave Master,Manga
Read or Die: Manga Force,Anime
Read or Die: The Paper (OVA series),Anime
Redline,Anime
Revolutionary Girl Utena,Anime
Revolutionary Girl Utena: The Movie,Anime
RG Veda,Manga
Romeo X Juliet,Anime
Rozen Maiden,Anime
Rozen Maiden,Manga
Rumbling Hearts,Anime
Rurouni Kenshin,Manga
Salaryman Kintaro,Anime
Samurai Deeper,Manga
Samurai Gunn,Anime
Samurai Horror Tales - Tenjo Monogatari,Anime
Scrapped Princess,Anime
Scrapped Princess,Manga
S-Cryed,Anime
S-Cryed - The Lost Ground,Anime
Sergeant Frog,Manga
Serial Experiments Lain,Anime
Seven of Seven,Manga
Shakugan no Shana,Anime
She: The Ultimate Weapon,Anime
Shin Sekai Yori,Anime
Shingu,Anime
Sky Blue,Anime
Sola,Anime
Solanin,Manga
Solty Rei,Anime
Soul Eater,Anime
Spice and Wolf,Light Novel
Spirit of Wonder,Anime
Spirit of Wonder,Manga
Spirited Away,Anime
Steamboy,Anime
Stratos 4,Anime
Sword of the Stranger,Anime Blu-ray
Tales From Eartsea,Anime
Texhnolyze,Anime
The Adventures of Mini-Goddess,Anime
The Ancient Magus' Bride,Manga
The Big O,Anime
The Crimson Spell,Manga
The Girl Who Leapt Through Time,Anime
The Melancholy of Haruhi Suzumiya,Anime
The Melancholy of Haruhi Suzumiya,Manga
The Melancholy of Haruhi Suzumiya Character Songs,Other
The Slayers,Anime
The Tatami Galaxy,Anime
This Ugly Yet Beautiful World,Anime
Tokko,Anime
Tokyo Ghoul,Manga
Tokyo Godfathers,Anime
Tokyo Mew Mew,Manga
Trigun,Manga
Trigun Maximum,Manga
Utawaremono,Anime
Vampire Princess,Anime
Vandread,Anime
Vandread 2,Anime
Vandread 3,Anime
Vandread 4,Anime
Vandread 5,Anime
Video Girl,Manga
Vocaloid Art Book,Other
Voices of a Distant Star,Anime
Welcome to the NHK,Anime
Witch Hunter Robin,Anime
X,Anime
XXX-holic,Anime
Yotsuba!,Manga
You're Under Arrest - The Wild Ones,Manga
Zaregoto,Manga